<?xml version="1.0" encoding="utf-8" ?>
<configuration>
	<configSections>
		<section name="log4net"
			type="log4net.Config.Log4NetConfigurationSectionHandler, log4net"/>
	</configSections>
	<log4net>
		<appender name="RollingFileAppender" type="log4net.Appender.RollingFileAppender">
			<file value="${LogFileRoot}\huawei.ibmc.cmdlets.log"/>
			<PreserveLogFileNameExtension value="true" />
			<AppendToFile value="true"/>
			<Encoding value="utf-8" />
			<MaximumFileSize value="2MB" />
			<MaxSizeRollBackups value="10"/>
			<RollingStyle value="Composite"/>
			<LockingModel type="log4net.Appender.FileAppender+MinimalLock" />
			<StaticLogFileName value="false"/>
			<layout type="log4net.Layout.PatternLayout">
				<conversionPattern value="%d %-5p %m%n%exception"/>
				<!-- <conversionPattern value="%d %-5p %c:%line %property{session} %m%n%exception"/> -->
      		</layout>
		</appender>
		<root>
			<level value="INFO"/>
			<appender-ref ref="RollingFileAppender"/>
		</root>
	</log4net>
	<startup>
		<supportedRuntime version="v4.0" sku=".NETFramework,Version=v4.5" />
	</startup>
</configuration>